yepme.com,411381
redream.nl,4861091
pinnacleahs.com,2670897
agikurumsal.com,2547311
dl23a.ru,2380712
gallery-worldwide.net,5828134
glorywebsdemo.com,1763249
loaloaalqassim.com,4274408
unilab.com.br,3251204
theajinetwork.com,5667036
taggroup.info,6103693
sdbor.edu,115744
navilog.xyz,300523
incomemonthly.com,2881521
rainincubator.org,5521635
distrimed.com.pe,2247449
kavoshcom.com,6465648
taekomizutani.com,2371155
mojeterasa.cz,2892003
juyuyiyigy.cf,2814824
centroimpresa.com,2519783
unibet.gr,5716152
laboconsult.it,6692771
getenergysimply.com,7061096
montazer-mahdi.ir,6350832
ifjeavmhrhlijwunu.org,1678177
tkmizgal.net,5078233
katmyrman.com,3762912
zbuvxuko.net,3758699
tiptopsigns.com,5785206
techpro-ja.com,4779917
gouwug668.com,718200
relocate.net,5196716
aussieswag.com.au,7114513
learnest.com,5272671
exonal.com,1096031
thailotteryresultstips.info,1609475
dknservice.com,6426917
santehnika-vodoprovod.ru,7029771
tuanime.net,4099695
severaudi.ru,6476150
ndnhnrzazc.net,4365963
customuniquetech.com,3816170
javhdfree.icu,2570049
ahtahthiki.com,1340230
belorlib.ru,6755432
xecongnghehanoi.com,6372092
bjunew.cn,1172265
praxxis-consultores.com,4352024
wgriqjos.net,4300207
logosassociatesltd.com,4033792
xlengine.com,2845431
icta.org,877502
daichi.or.jp,886834
rhts.co.uk,1204168
meshbody.com,1901789
cpqyzw.info,4630913
rsenreatking.cf,5023759
joom.us,6290460
vi-drivercan.com,6045748
717248.org,722374
hypersedorism.com,938096
rakhiv-rda.gov.ua,5187819
dmarketnet.net,1475092
goose-racing.at,1820772
suryadental.co.in,4122836
ijaeb.org,6152802
intricatecloud.io,2749902
puppiesshirt.com,6315031
abbott-realty.net,3334159
fti.kg,7250849
thexfiles.com,5297044
fxpopsan.com,4950800
verycook.co.uk,5802935
abakusbilisim.com,1418737
sweetmoda.by,868697
kipriotis.gr,5675773
lancers.jp,8660
208888g.com,1353805
strongerresistancebands.com,5360178
lagrangeil.gov,4841828
bhcinc.com,1370630
u5m4.cn,6416265
phuocchau.vn,6252540
financepartner.al,1834164
coz-u.net,3841444
gritproperty.com.au,5017879
deadmilkmen.com,589193
fiberinternetaboneligi.com,4345581
enortonsetupinfo.com,5407528
triri8ng.cn,7137374
mimmag.ir,1501032
bestcasinos.com,2963640
e-forex.nl,7156784
attaccalite.com,3316502
myjoxyx.nu,4804418
kemesa.org,4269879
vivocell.com,6706453
truyendoc.info,490157
levo.no,5029640
skully.com,595073
kumano-world.com,1542076
windlelondon.com,5676525
jifoaulx.co,2610475
techvan.ru,4781049
qn268.org,1018028
mycat-life.com,1204769
mysarafi.ir,391262
mecinhome.com,3363286
speconthejob.com,3906917
sodepci.com,5713028
bargatedrinks.com,6726978
dallasbutterflies.com,2071598
xn--mttmestari-q5a2t.fi,2651549
masteremonta.ru,6834990
gyotmtxwkanylykrdhfa.tj,7212716
crymod.net,6761914
superhomeincome.com,1878711
superprofity.ru,960152
bizeurope.com,430793
excellialeadership.com,6036822
suzukigsxr.org,3024344
thesoftshub.com,3153497
ztvlph.ga,1083837
oxlv.com,7257684
citizenmediaseries.org,6908511
fatsecret.de,1435490
champagnevillage.org,5709774
concrete5-japan.org,491466
maxgentechnologies.com,5445250
goldpeaktools.com.ph,1518400
priyainfosys.com,5332043
khialart.com,4772782
foreplaycompany.com,900123
marchioro.it,2233123
marrbaxx.by,6237195
iaokco.com,3634713
huibacktank.cf,3440904
ivsph.ru,6110551
nexting.com,1069957
implantfiyatlari.tv,6649789
anasermakina.com,2592923
placerouge.co.uk,4587194
dsemploymentservices.com,4444491
avtostil.su,4843791
monka.com.pl,6959992
vlavashe.ru,4727405
ascendedmasteranswers.com,3432853
a1.design,6307612
cirkevnimajetek.cz,5975198
kutu66.com,93220
leodisgames.com,4195625
avinos-wein.de,6328353
soka.ed.jp,3287757
stuffseniorsneed.com,5711443
magiclife.vip,3859071
bocvip.com,5389108
gofitness.store,2981336
genyinsurance.com,7256335
imdle.org,6033633
gelinceramic.ir,3648172
jpchapuis.net,4571990
riptorment.com,1171823
redonkmarketing.com,497602
razor-labs.com,2683869
gujaratbuzz.com,3484305
weeklymarketingwebinars.org,1424321
toxbux.com,4491251
phielinkka.cf,3004973
backaldrin.cz,2220991
humanistics.asia,5224327
salihayacoub.com,6107220
mobileplusprice.com,2555954
1outlets.com,947095
ecospace.com,6452540
ergonomia.co.hu,1098817
gratapizza.com,4321883
chinaparadigm.com,5036193
coolbootsmedia.com,2930383
zwitsal.co.id,2459895
vicniss.org.au,5068294
rayetmisr.com,4280890
test24.shop,1530979
dk-hostmaster.dk,141703
duhocnghe.net.vn,2982238
ebiyun.com,1682900
americantabletennis.com,2941018
hj.gov.cn,500781
france-turquoise.com,3415156
eiyzgj.info,4404757
lezzetlisunumlar.com,1884975
squishycircuits.com,880621
market-onlain.ru,6815021
unlockmax.com,6240063
czbdiahnp.info,4291700
my-roku-login.com,1152922
doseofporn.com,1062374
heypack.com,1888477
northern-fells.com,5513897
charmpopcards.com,3625659
mercedesmedical.com,5598501
kaisartoto88.me,6768996
freedomobile.com,4595546
alvarion.com,389340
ondo24.com,2622210
nzhgpa.org.nz,6349839
fastchargeaust.com.au,7152081
988757.org,797553
marswayecc.com,691625
jpplast.sk,7058412
klarnacdn.net,145738
chehov-anton.ru,3916470
rolmax.ru,1971648
drdot.ru,1134713
pzrbjl.ga,1060453
daddogroup.com,3579462
web-surf.de,6941485
trend-signal.com,2847598
jamesholden.org,1070800
encantadordeperros.es,2107386
educacionfisica30.com,3265991
patientendossier.ch,2690071
gavox.com,5418840
listenlearnmusic.com,5546110
paperthin.com,3068616
eprestononline.co.uk,6551211
altacalidad.com.co,3071944
iomechs.com,3520805
forex-signals.club,3173883
michaelandpaula.com,5087232
vortex-net.com,1482245
health-tips.online,1564784
iamrudyfrancisco.com,2619591
iceflatline.com,2390046
alumpa.com,1757305
digitalcoo.com,3921556
iloveliquor.com,6161943
noithatgohome.net,4621454
acadcare.com,5529426
salonretro.kiev.ua,7123836
dommebeli48.ru,3748452
perevody-pesen.ru,1524463
treklandtrip.sk,2546242
dropsmm.com,3782413
saivizindia.in,6240290
lax.com,310064
bjbaolande.com,2566361
mt4trendindicator.com,1437557
teachmykidtoread.org,5674633
kikipasso.com,4409310
buzzcentral.co.ke,6036762
servisanabria.com,4740251
archibtp.fr,7177380
massaproje.com,6688492
hgk.vn,6650961
seghers.co.kr,185062
robert-chalmers.uk,4920679
uao.es,917717
vieclambinhdinh.gov.vn,3959888
wsodwnl.com,484460
desensitization.cf,4854351
vvkifpu.ru,3106513
iserv.net,164306
srilankanartgallery.com,4238859
branchenorte.de,2216754
woodburyoutfitters.com,1847949
laclinic.info,5274427
krishnaivf.com,5404918
nuevoparacas.com,1895936
tonex.com,2250886
engagingearlylearners.com,878573
mathforum.org,12680
crossbarriers.org,3636944
infotecs.biz,2234159
wangfuka.com,4378238
hsnw.co.kr,1921581
khanmirza.com,6266086
lennail.ru,6836890
painpalsblog.com,5295602
inpesca.gob.ni,4225816
dencosys.vn,3662518
smc-diodes.com,6915842
witchdoctor.co.nz,1213192
fasicare.com,3593900
adeiskandar.com,3577181
ilikephone.com,2103366
cialisxtl.com,10317
xn--m3creq6a7d5dxd.th,6003536
sibkolbasy-hm.ru,6904277
ceeria.com,3075525
kztek.net,5844271
itquibbles.com,6576841
masterbusiness.adm.br,3187456
femscare.com,3536766
wevcdar.info,5033904
healthypartners.com,4329339
balajitelefilms.com,1393551
checkit.wien,1567910
acrilicostore.com.br,2698924
wyyoyy.org,6357752
gkq833.icu,1186400
lembahhijaulampung.com,4989869
10thmodelpaper2020.in,5151374
jerrymooneybooks.com,716515
duxforex.com,853321
cvp-weinfelden.ch,3125255
xn--80agpiacfpcbzckddw6r.xn--p1ai,6127860
label.si,7199562
brianaubol.com,934410
thermax.info,1834772
jetcommerce.co,6558450
cosera.com,4213249
aeer2019.com,7035514
franuancadea.cf,4450442
aljalilachildrens.ae,2745457
linearflux.com,6621219
locsandiego.com,5789254
migrosmagazin.ch,246498
g4si.com,2646395
oraltcarter.com,3960679
ibivagow.cf,5065923
bizbehindsports.com,1437907
dacra.com,3294809
digital-tv-dvbt2.ru,4800458
chuyengiagiamcan.asia,5148175
pengenpinter.com,3848229
raybansunglasses.cc,628082
datees.ir,854316
fmscampos.org.br,3665871
tobias-dalhof.de,3054956
mhwclaw.com,2880299
katrin-crimea.ru,4769888
smailii.com,3669399
bitly.com.vn,39690
kecu.ru,4590696
publicis.in,2739862
datastory.org,4012584
moveyourmoneyproject.org,698071
muziu.com.tw,3120402
pornosveta.fun,209960
jant.ru,103392
kettchoorea.cf,3456654
vogelsang-ip.de,877596
ataqudutym.cf,2624999
nmehoeknoia.ms,1765773
civilconsultant.in,4569195
derafyhibyhe.cf,2080501
nvkdgxaclvf.de,2651949
fie-data.co.uk,59241
incedoinvest.com,5131993
bigacarsambapostasi.com,1860787
alanyapostatv.com,3415893
unstudio.com,124212
bravo.info,1346092
manet.org,3239296
goldcoastaustralia.ru,7265135
ib-arz.de,6816041
sharifgoc.com,6663714
gateway2fitness.com,7240154
holyduck.com.au,5164195
dropwise.com,7157873
cristoffanini.it,4466183
spsl.org.ua,7216180
museum-der-arbeit.de,660591
mistercracks.com,6003261
yosrehberim.com,6535213
rofftech.com,1375857
aldak.com,7124800
startup-monk.com,1691720
historic-newspapers.com,3436693
ripuggvn.net,3835558
evrostroydom.by,6586020
alencyclopedia.com,5027230
mobilegadget.jp,4154986
maxonepemuda.com,1505956
21stcenturyskills.org,673819
xn--hgb3a0cs.net,5968636
nekoworks.net,1573481
taraztv.kz,1550269
hotpizza24.com,5436659
csgo-starshop.ru,6149299
felisatti.pro,6495054
witty.co.th,1884196
trakyaisitmecihazlari.com,6042763
pizzarolla.ru,79876
comerchee.com,5085541
blushandbluedesigns.com,6197681
plasmic.app,5622778
freehindishayari.com,5229849
tapbat.com,1069792
jdaoxr.ga,1208470
birdnid.com,6604337
nawaf-blog.com,2688038
jobdreamteam.com,4623165
planeta-moek.com,7078193
pcctampa.com,680180
harikaradyo.net,4716197
nabeelahmad.com,5965878
educareac.com,611721
stnm.com,5082157
hkelley.com,774178
hom-garden.ru,6816031
adresseemailtemporaire.com,3999480
hethonglpg.com,49198
glasssteelandstone.com,546055
bab.ir,296723
jet.ch,3891384
benthost.net,220276
all24news.net,1548452
npps.ir,2174875
bheaembdqoie.net,7078890
greenhousenovels.com,1313587
textil-shop.by,4930027
aetnaplastics.com,2173235
serversbase.com,4179960
