scorphq.com,1958893
rumsdokz.org,7016002
theskillsets.com,1778185
wp-monero-miner.com,4094361
1804.biz,3918467
tpas.ru,6492528
lightminer.co,915020
proffy.info,3983502
ekonomianaliz.com,1328787
rootologyhealth.com,3242206
oslafo.com,4792112
europe-cinema.ru,6756864
browsermine.com,295546
punjabimaa.com,6764041
nahnoji.cz,2872450
vstars.pl,2277153
imarketor.com,308854
enter-books.com,2655783
apexfiles.info,5434923
russiannurse.ru,3402824
critch-comedy.de,5720747
philagora.net,712030
magazineagain.com,4812807
vashatolstovka.ru,6409954
serieshdpormega.com,128968
8teenz.info,384628
textilprofi.ru,4365753
camerahacker.com,527170
atashafroz.ir,6446827
4a.by,6991569
megaoboishop.ru,6876110
mekshat.com,213644
300mbfilms.org,1400467
300mbfilms.io,56390
rawnylonthumbs.com,365744
kickass.cd,78604
irc.lc,89675
mobaskins.com,3310685
informationhospitaliere.com,819688
2001online.com,483567
thepiratebay.cr,321965
pornfromcz.com,1639362
thepiratebay.cd,2946552
gceguide.xyz,452450
trombadewebber.com,3067997
hobby-country.ru,1972314
instagrammi.ru,1050951
caribbean360.com,131313
iptvsensei.ru,1577178
journalcra.com,507527
myjob.uz,972627
promoavon.ru,928596
sinemapol.org,1699882
